Mark,Users,Commands
FINISHLEVEL,Level_2,CLEAR
FINISHLEVEL,Level_3,CLEAR
FINISHLEVEL,Level_4,CLEAR
FINISHLEVEL,Level_5,FAIL
FINISHLEVEL,Level_6,FAIL
FINISHLEVEL,Level_7,CLEAR
FINISHLEVEL,Level_2,CLEAR
FINISHLEVEL,Level_3,CLEAR
FINISHLEVEL,Level_4,CLEAR
FINISHLEVEL,Level_2,CLEAR
FINISHLEVEL,Level_3,CLEAR
FINISHLEVEL,Level_4,CLEAR
FINISHLEVEL,Level_5,CLEAR
FINISHLEVEL,Level_2,CLEAR
FINISHLEVEL,Level_3,FAIL
COLLECT,a,hello
COLLECT,a,hello
COLLECT,a,hello
FINISHLEVEL,Level_2,CLEAR
COLLECT,a,hello
FINISHLEVEL,Level_3,CLEAR
COLLECT,a,hello
COLLECT,a,hello
FINISHLEVEL,Level_2,CLEAR
COLLECT,a,hello
FINISHLEVEL,Level_2,CLEAR
FINISHLEVEL,Level_2,CLEAR
FINISHLEVEL,Level_3,CLEAR
COLLECT,a,hello
FINISHLEVEL,Level_4,CLEAR
COLLECT,a,hello
FINISHLEVEL,Level_2,CLEAR
FINISHLEVEL,Level_3,FAIL
FINISHLEVEL,Level_4,FAIL
FINISHLEVEL,Level_2,CLEAR
COLLECT,a,hello1
COLLECT,a,hello2
FINISHLEVEL,Level_2,CLEAR
COLLECT,a,helloone
COLLECT,a,hellotwo
FINISHLEVEL,Level_3,CLEAR
FINISHLEVEL,Level_4,CLEAR
COLLECT,a,hello
COLLECT,a,hello
FINISHLEVEL,Level_2,CLEAR
COLLECT,a,helloone
COLLECT,a,hellotwo
FINISHLEVEL,Level_3,CLEAR
FINISHLEVEL,Level_4,CLEAR
FINISHLEVEL,Level_5,CLEAR
FINISHLEVEL,Level_6,CLEAR
COLLECT,a,hello one
COLLECT,a,hello two
FINISHLEVEL,Level_7,CLEAR
COLLECT,a,hello one
COLLECT,a,hello two
FINISHLEVEL,Level_8,CLEAR
COLLECT,a,hello one
COLLECT,a,hello two
FINISHLEVEL,Level_9,CLEAR
COLLECT,a,hello one
COLLECT,a,hello two
FINISHLEVEL,Level_10,CLEAR
COLLECT,a,hello two
COLLECT,a,hello one
FINISHLEVEL,Level_11,CLEAR
FINISHLEVEL,Level_12,CLEAR
COLLECT,a,hello two
COLLECT,a,hello one
FINISHLEVEL,Level_13,CLEAR
COLLECT,a,hello three
COLLECT,a,hello one
FINISHLEVEL,Level_14,CLEAR
COLLECT,a,hello four
COLLECT,a,hello five
FINISHLEVEL,Level_15,CLEAR
FINISHLEVEL,Level_2,CLEAR
COLLECT,a,hello four
FINISHLEVEL,Level_3,CLEAR
FINISHLEVEL,Level_4,FAIL
FINISHLEVEL,Level_5,FAIL
FINISHLEVEL,Level_2,CLEAR
COLLECT,p,!s
COLLECT,p,!a
COLLECT,p,!s
COLLECT,p,!a
COLLECT,p,!s
COLLECT,p,!s
COLLECT,p,!a
COLLECT,p,!s
COLLECT,p,!a
COLLECT,p,!s
COLLECT,p,!a
COLLECT,p,!a
COLLECT,p,POOM IS GOOD
FINISHLEVEL,Level_2,CLEAR
COLLECT,p,POOM IS GOOD
FINISHLEVEL,Level_3,CLEAR
COLLECT,p,!s
COLLECT,p,!a
COLLECT,p,!s
COLLECT,p,!s
COLLECT,p,!a
FINISHLEVEL,Level_2,FAIL
COLLECT,p,a
FINISHLEVEL,Level_2,FAIL
COLLECT,p,!m
COLLECT,p,!u
COLLECT,p,!u
COLLECT,p,!u
COLLECT,p,!u
COLLECT,p,!u
COLLECT,p,!u
COLLECT,p,!u
COLLECT,p,!u
COLLECT,p,!u
COLLECT,p,!u
COLLECT,p,!u
COLLECT,p,!u
COLLECT,p,!u
COLLECT,p,!u
COLLECT,p,!u
COLLECT,p,!u
COLLECT,p,!s
COLLECT,p,!a
FINISHLEVEL,Level_2,FAIL
FINISHLEVEL,Level_3,FAIL
FINISHLEVEL,Level_4,FAIL
FINISHLEVEL,Level_5,FAIL
FINISHLEVEL,Level_6,FAIL
FINISHLEVEL,Level_7,FAIL
FINISHLEVEL,Level_8,FAIL
FINISHLEVEL,Level_9,FAIL
FINISHLEVEL,Level_10,FAIL
FINISHLEVEL,Level_11,FAIL
FINISHLEVEL,Level_12,FAIL
FINISHLEVEL,Level_13,FAIL
FINISHLEVEL,Level_14,FAIL
FINISHLEVEL,Level_15,FAIL
FINISHLEVEL,Level_16,FAIL
FINISHLEVEL,Level_17,FAIL
FINISHLEVEL,Level_18,FAIL
FINISHLEVEL,Level_19,FAIL
FINISHLEVEL,Level_20,FAIL
FINISHLEVEL,Level_2,FAIL
FINISHLEVEL,Level_3,FAIL
FINISHLEVEL,Level_4,FAIL
FINISHLEVEL,Level_5,FAIL
FINISHLEVEL,Level_6,FAIL
FINISHLEVEL,Level_7,FAIL
FINISHLEVEL,Level_8,FAIL
FINISHLEVEL,Level_9,FAIL
FINISHLEVEL,Level_10,FAIL
FINISHLEVEL,Level_11,FAIL
FINISHLEVEL,Level_12,FAIL
FINISHLEVEL,Level_13,FAIL
FINISHLEVEL,Level_14,FAIL
FINISHLEVEL,Level_15,FAIL
FINISHLEVEL,Level_16,FAIL
FINISHLEVEL,Level_17,FAIL
FINISHLEVEL,Level_18,FAIL
FINISHLEVEL,Level_19,FAIL
FINISHLEVEL,Level_20,FAIL
FINISHLEVEL,Level_2,FAIL
FINISHLEVEL,Level_3,FAIL
FINISHLEVEL,Level_4,FAIL
FINISHLEVEL,Level_5,FAIL
FINISHLEVEL,Level_6,FAIL
FINISHLEVEL,Level_7,FAIL
FINISHLEVEL,Level_8,FAIL
FINISHLEVEL,Level_9,FAIL
FINISHLEVEL,Level_10,FAIL
FINISHLEVEL,Level_11,FAIL
FINISHLEVEL,Level_12,FAIL
FINISHLEVEL,Level_13,FAIL
FINISHLEVEL,Level_14,FAIL
FINISHLEVEL,Level_15,FAIL
FINISHLEVEL,Level_16,FAIL
COLLECT,p,!s
COLLECT,p,!a
COLLECT,p,!a
FINISHLEVEL,Level_2,FAIL
COLLECT,p,!a
COLLECT,p,!a
COLLECT,p,!a
COLLECT,p,!a
COLLECT,p,!a
COLLECT,p,!a
COLLECT,a,!a
COLLECT,a,!a
COLLECT,a,!a
COLLECT,a,!s
COLLECT,a,!a
COLLECT,a,!a
COLLECT,a,!s
COLLECT,a,!a
FINISHLEVEL,Level_2,FAIL
COLLECT,a,!a
COLLECT,a,!s
COLLECT,a,!a
COLLECT,a,!s
COLLECT,a,!s
COLLECT,a,!a
COLLECT,a,!s
COLLECT,a,!a
FINISHLEVEL,Level_2,FAIL
COLLECT,p,!shoot
COLLECT,p,!shoot
COLLECT,p,!shoot
COLLECT,p,!s
FINISHLEVEL,Level_2,FAIL
COLLECT,p,!shoot
COLLECT,p,!shoot
COLLECT,p,!shoot
COLLECT,p,!s
COLLECT,p,!s
COLLECT,p,!s
FINISHLEVEL,Level_3,CLEAR
COLLECT,p,!s
FINISHLEVEL,Level_4,CLEAR
COLLECT,p,!s
COLLECT,p,!m
COLLECT,p,!m
COLLECT,p,!m
COLLECT,p,!m
COLLECT,p,!m
COLLECT,p,!m
COLLECT,p,!m
COLLECT,p,!m
COLLECT,p,!m
COLLECT,p,!m
COLLECT,p,!m
COLLECT,p,!m
COLLECT,p,!m
COLLECT,p,!s
FINISHLEVEL,Level_2,FAIL
FINISHLEVEL,Level_2,FAIL
FINISHLEVEL,Level_3,FAIL
FINISHLEVEL,Level_4,FAIL
FINISHLEVEL,Level_5,FAIL
FINISHLEVEL,Level_6,FAIL
FINISHLEVEL,Level_7,FAIL
FINISHLEVEL,Level_8,FAIL
FINISHLEVEL,Level_9,FAIL
FINISHLEVEL,Level_10,FAIL
FINISHLEVEL,Level_11,FAIL
FINISHLEVEL,Level_12,FAIL
FINISHLEVEL,Level_13,FAIL
FINISHLEVEL,Level_14,FAIL
FINISHLEVEL,Level_15,FAIL
FINISHLEVEL,Level_16,FAIL
FINISHLEVEL,Level_17,FAIL
FINISHLEVEL,Level_18,FAIL
FINISHLEVEL,Level_19,FAIL
FINISHLEVEL,Level_20,FAIL
FINISHLEVEL,Level_2,FAIL
FINISHLEVEL,Level_3,FAIL
FINISHLEVEL,Level_2,FAIL
FINISHLEVEL,Level_3,FAIL
FINISHLEVEL,Level_4,FAIL
FINISHLEVEL,Level_5,FAIL
FINISHLEVEL,Level_6,FAIL
FINISHLEVEL,Level_7,FAIL
FINISHLEVEL,Level_2,FAIL
FINISHLEVEL,Level_3,FAIL
FINISHLEVEL,Level_4,FAIL
FINISHLEVEL,Level_5,FAIL
FINISHLEVEL,Level_6,FAIL
FINISHLEVEL,Level_7,FAIL
FINISHLEVEL,Level_8,FAIL
FINISHLEVEL,Level_9,FAIL
FINISHLEVEL,Level_10,FAIL
FINISHLEVEL,Level_2,FAIL
FINISHLEVEL,Level_2,FAIL
FINISHLEVEL,Level_3,FAIL
FINISHLEVEL,Level_2,CLEAR
COLLECT,p,poom
FINISHLEVEL,Level_3,FAIL
FINISHLEVEL,Level_2,CLEAR
FINISHLEVEL,Level_2,CLEAR
FINISHLEVEL,Level_2,CLEAR
FINISHLEVEL,Level_2,CLEAR
FINISHLEVEL,Level_3,CLEAR
FINISHLEVEL,Level_4,CLEAR
FINISHLEVEL,Level_2,CLEAR
FINISHLEVEL,Level_2,CLEAR
FINISHLEVEL,Level_2,CLEAR
FINISHLEVEL,Level_2,CLEAR
FINISHLEVEL,Level_2,CLEAR
FINISHLEVEL,Level_2,CLEAR
FINISHLEVEL,Level_3,CLEAR
FINISHLEVEL,Level_2,CLEAR
FINISHLEVEL,Level_2,CLEAR
FINISHLEVEL,Level_2,FAIL
FINISHLEVEL,Level_2,FAIL
FINISHLEVEL,Level_3,CLEAR
FINISHLEVEL,Level_2,CLEAR
COLLECT,p,poom
FINISHLEVEL,Level_3,CLEAR
COLLECT,p,poom
FINISHLEVEL,Level_2,CLEAR
FINISHLEVEL,Level_3,CLEAR
COLLECT,p,Hello world
FINISHLEVEL,Level_2,CLEAR
FINISHLEVEL,Level_2,FAIL
FINISHLEVEL,Level_3,FAIL
FINISHLEVEL,Level_2,FAIL
FINISHLEVEL,Level_3,FAIL
FINISHLEVEL,Level_1,CLEAR
FINISHLEVEL,Level_1,CLEAR
FINISHLEVEL,Level_1,CLEAR
FINISHLEVEL,Level_1,CLEAR
FINISHLEVEL,Level_1,CLEAR
FINISHLEVEL,Level_1,CLEAR
FINISHLEVEL,Level_1,CLEAR
FINISHLEVEL,Level_1,CLEAR
FINISHLEVEL,Level_1,CLEAR
FINISHLEVEL,Level_1,CLEAR
FINISHLEVEL,Level_1,CLEAR
FINISHLEVEL,Level_1,FAIL
FINISHLEVEL,Level_1,PLAYING
FINISHLEVEL,Level_1,PLAYING
FINISHLEVEL,Level_1,PLAYING
FINISHLEVEL,Level_1,PLAYING
FINISHLEVEL,Level_1,PLAYING
FINISHLEVEL,Level_1,PLAYING
FINISHLEVEL,Level_1,CLEAR
FINISHLEVEL,Level_1,PLAYING
FINISHLEVEL,Level_1,PLAYING
FINISHLEVEL,Level_1,FAIL
FINISHLEVEL,Level_1,CLEAR
FINISHLEVEL,Level_1,CLEAR
FINISHLEVEL,Level_1,CLEAR
FINISHLEVEL,Level_1,CLEAR
FINISHLEVEL,Level_1,CLEAR
FINISHLEVEL,Level_1,CLEAR
FINISHLEVEL,Level_1,FAIL
FINISHLEVEL,Level_1,FAIL
FINISHLEVEL,Level_1,FAIL
FINISHLEVEL,Level_1,FAIL
FINISHLEVEL,Level_1,FAIL
FINISHLEVEL,Level_1,FAIL
FINISHLEVEL,Level_1,FAIL
FINISHLEVEL,Level_1,FAIL
FINISHLEVEL,Level_1,FAIL
FINISHLEVEL,Level_1,FAIL
FINISHLEVEL,Level_1,CLEAR
