1	hello
2	hello
3	hello
1	hello
1	hello
2	hello
1	hello
1	hello
1	hello
1	hello1
2	hello2
1	helloone
2	hellotwo
1	hello
2	hello
1	helloone
2	hellotwo
1	hello one
2	hello two
1	hello one
2	hello two
1	hello one
2	hello two
1	hello one
2	hello two
1	hello two
2	hello one
1	hello two
2	hello one
1	hello three
2	hello one
1	hello four
2	hello five
1	hello four
1	!s
2	!s
3	!s
1	!s
1	POOM IS GOOD
1	POOM IS GOOD
1	a
1	!shoot
2	!shoot
3	!shoot
1	!shoot
2	!shoot
3	!shoot
1	poom
1	poom
1	poom
1	Hello world
